SerialCode,DynamicLink
EAVO5,https://EAVO5/e3world.co.uk
E9RIU,https://E9RIU/e3world.co.uk
ED4ON,https://ED4ON/e3world.co.uk
EDTJB,https://EDTJB/e3world.co.uk
EOVVA,https://EOVVA/e3world.co.uk
EI0QW,https://EI0QW/e3world.co.uk
EULVI,https://EULVI/e3world.co.uk
EK65D,https://EK65D/e3world.co.uk
EBUE1,https://EBUE1/e3world.co.uk
EKXOR,https://EKXOR/e3world.co.uk
EALY,https://EALY/e3world.co.uk
EM0IT,https://EM0IT/e3world.co.uk
EGQUW,https://EGQUW/e3world.co.uk
EPJ94,https://EPJ94/e3world.co.uk
EUVFW,https://EUVFW/e3world.co.uk
EV5HL,https://EV5HL/e3world.co.uk
EQVOM,https://EQVOM/e3world.co.uk
EOHES,https://EOHES/e3world.co.uk
EM,https://EM/e3world.co.uk
EB,https://EB/e3world.co.uk
E664S,https://E664S/e3world.co.uk
E7028,https://E7028/e3world.co.uk
E2UT8,https://E2UT8/e3world.co.uk
E6BZY,https://E6BZY/e3world.co.uk
EDQNV,https://EDQNV/e3world.co.uk
EO19O,https://EO19O/e3world.co.uk
E9CNU,https://E9CNU/e3world.co.uk
EY0H6,https://EY0H6/e3world.co.uk
ESQSR,https://ESQSR/e3world.co.uk
EI1OQ,https://EI1OQ/e3world.co.uk
EJWMX,https://EJWMX/e3world.co.uk
E91OI,https://E91OI/e3world.co.uk
EPT7F,https://EPT7F/e3world.co.uk
EW95M,https://EW95M/e3world.co.uk
EMBWP,https://EMBWP/e3world.co.uk
ECM7A,https://ECM7A/e3world.co.uk
EJQV,https://EJQV/e3world.co.uk
EDB52,https://EDB52/e3world.co.uk
E4GMQ,https://E4GMQ/e3world.co.uk
E6QU4,https://E6QU4/e3world.co.uk
EEAOT,https://EEAOT/e3world.co.uk
EQG57,https://EQG57/e3world.co.uk
E6BMY,https://E6BMY/e3world.co.uk
ENSDG,https://ENSDG/e3world.co.uk
EO9MD,https://EO9MD/e3world.co.uk
ET0ZD,https://ET0ZD/e3world.co.uk
EEMTA,https://EEMTA/e3world.co.uk
E2HXD,https://E2HXD/e3world.co.uk
E8RLF,https://E8RLF/e3world.co.uk
EOTEU,https://EOTEU/e3world.co.uk
EU7IN,https://EU7IN/e3world.co.uk
E5DG6,https://E5DG6/e3world.co.uk
EH2DB,https://EH2DB/e3world.co.uk
ESM9P,https://ESM9P/e3world.co.uk
EPWBN,https://EPWBN/e3world.co.uk
ELDZP,https://ELDZP/e3world.co.uk
EIKY2,https://EIKY2/e3world.co.uk
EIFZE,https://EIFZE/e3world.co.uk
EKOGP,https://EKOGP/e3world.co.uk
EKGYA,https://EKGYA/e3world.co.uk
EE,https://EE/e3world.co.uk
EZNBT,https://EZNBT/e3world.co.uk
EMGOW,https://EMGOW/e3world.co.uk
E6HQH,https://E6HQH/e3world.co.uk
EQB71,https://EQB71/e3world.co.uk
EOGOM,https://EOGOM/e3world.co.uk
E78IL,https://E78IL/e3world.co.uk
ECTLB,https://ECTLB/e3world.co.uk
EC8YA,https://EC8YA/e3world.co.uk
ENK7Q,https://ENK7Q/e3world.co.uk
E4F95,https://E4F95/e3world.co.uk
E5HIH,https://E5HIH/e3world.co.uk
E19E5,https://E19E5/e3world.co.uk
EHLH,https://EHLH/e3world.co.uk
ET9V2,https://ET9V2/e3world.co.uk
EO6EU,https://EO6EU/e3world.co.uk
ED7GL,https://ED7GL/e3world.co.uk
EO5HY,https://EO5HY/e3world.co.uk
E,https://E/e3world.co.uk
E,https://E/e3world.co.uk
EX67E,https://EX67E/e3world.co.uk
EP6HR,https://EP6HR/e3world.co.uk
EDLBI,https://EDLBI/e3world.co.uk
EVQ7T,https://EVQ7T/e3world.co.uk
E,https://E/e3world.co.uk
EMDCS,https://EMDCS/e3world.co.uk
EQGSV,https://EQGSV/e3world.co.uk
ES9X9,https://ES9X9/e3world.co.uk
EFMVW,https://EFMVW/e3world.co.uk
EOBQM,https://EOBQM/e3world.co.uk
E9P7G,https://E9P7G/e3world.co.uk
EWK55,https://EWK55/e3world.co.uk
E7WW7,https://E7WW7/e3world.co.uk
EKAS1,https://EKAS1/e3world.co.uk
E2B8Y,https://E2B8Y/e3world.co.uk
EAD7,https://EAD7/e3world.co.uk
ELQQF,https://ELQQF/e3world.co.uk
EZF76,https://EZF76/e3world.co.uk
E41R7,https://E41R7/e3world.co.uk
EJCAG,https://EJCAG/e3world.co.uk
E4MSL,https://E4MSL/e3world.co.uk
E0U4O,https://E0U4O/e3world.co.uk
END27,https://END27/e3world.co.uk
EXZCV,https://EXZCV/e3world.co.uk
ED,https://ED/e3world.co.uk
EBBTO,https://EBBTO/e3world.co.uk
E,https://E/e3world.co.uk
EIFZU,https://EIFZU/e3world.co.uk
E5PMN,https://E5PMN/e3world.co.uk
EDXF6,https://EDXF6/e3world.co.uk
EH79O,https://EH79O/e3world.co.uk
ET94M,https://ET94M/e3world.co.uk
EHFFW,https://EHFFW/e3world.co.uk
EHTOW,https://EHTOW/e3world.co.uk
EBNL8,https://EBNL8/e3world.co.uk
EOZPW,https://EOZPW/e3world.co.uk
EWWT4,https://EWWT4/e3world.co.uk
EPE1L,https://EPE1L/e3world.co.uk
E7KRE,https://E7KRE/e3world.co.uk
E4FNR,https://E4FNR/e3world.co.uk
EQRL0,https://EQRL0/e3world.co.uk
E9IRN,https://E9IRN/e3world.co.uk
E6RN0,https://E6RN0/e3world.co.uk
ENVYH,https://ENVYH/e3world.co.uk
E,https://E/e3world.co.uk
EJ2YV,https://EJ2YV/e3world.co.uk
E,https://E/e3world.co.uk
E5QPX,https://E5QPX/e3world.co.uk
EKLQN,https://EKLQN/e3world.co.uk
EQDUR,https://EQDUR/e3world.co.uk
EH5LZ,https://EH5LZ/e3world.co.uk
ECE0M,https://ECE0M/e3world.co.uk
EQW2F,https://EQW2F/e3world.co.uk
EC,https://EC/e3world.co.uk
EU5HM,https://EU5HM/e3world.co.uk
ETE,https://ETE/e3world.co.uk
EZC,https://EZC/e3world.co.uk
EZIG1,https://EZIG1/e3world.co.uk
EG6DC,https://EG6DC/e3world.co.uk
EGDXI,https://EGDXI/e3world.co.uk
E6702,https://E6702/e3world.co.uk
EUQD1,https://EUQD1/e3world.co.uk
ERVBJ,https://ERVBJ/e3world.co.uk
E4V6H,https://E4V6H/e3world.co.uk
ELDPA,https://ELDPA/e3world.co.uk
EU6UB,https://EU6UB/e3world.co.uk
EHA2V,https://EHA2V/e3world.co.uk
EUMPF,https://EUMPF/e3world.co.uk
E00CT,https://E00CT/e3world.co.uk
E81I0,https://E81I0/e3world.co.uk
EQAZI,https://EQAZI/e3world.co.uk
ETNEC,https://ETNEC/e3world.co.uk
EGLYI,https://EGLYI/e3world.co.uk
EU9PP,https://EU9PP/e3world.co.uk
E6FZJ,https://E6FZJ/e3world.co.uk
ETKYU,https://ETKYU/e3world.co.uk
E4S8Y,https://E4S8Y/e3world.co.uk
EL80,https://EL80/e3world.co.uk
EDF28,https://EDF28/e3world.co.uk
EYYD2,https://EYYD2/e3world.co.uk
EGW2U,https://EGW2U/e3world.co.uk
EOOTY,https://EOOTY/e3world.co.uk
EXFUP,https://EXFUP/e3world.co.uk
ERS2D,https://ERS2D/e3world.co.uk
E58IX,https://E58IX/e3world.co.uk
EEOWM,https://EEOWM/e3world.co.uk
EH57D,https://EH57D/e3world.co.uk
EK4R1,https://EK4R1/e3world.co.uk
EHBUR,https://EHBUR/e3world.co.uk
EYC54,https://EYC54/e3world.co.uk
E4FDG,https://E4FDG/e3world.co.uk
E0RZL,https://E0RZL/e3world.co.uk
EI9W,https://EI9W/e3world.co.uk
ER0RV,https://ER0RV/e3world.co.uk
E5UR5,https://E5UR5/e3world.co.uk
E21LC,https://E21LC/e3world.co.uk
E1E5P,https://E1E5P/e3world.co.uk
EHEEU,https://EHEEU/e3world.co.uk
E1H,https://E1H/e3world.co.uk
EIWRB,https://EIWRB/e3world.co.uk
E2XWI,https://E2XWI/e3world.co.uk
E6K4F,https://E6K4F/e3world.co.uk
EZOMJ,https://EZOMJ/e3world.co.uk
EKG5D,https://EKG5D/e3world.co.uk
EPKJP,https://EPKJP/e3world.co.uk
ETLBK,https://ETLBK/e3world.co.uk
ES6F,https://ES6F/e3world.co.uk
EPOMY,https://EPOMY/e3world.co.uk
EZRXN,https://EZRXN/e3world.co.uk
EZ55G,https://EZ55G/e3world.co.uk
E9PQY,https://E9PQY/e3world.co.uk
EO6RS,https://EO6RS/e3world.co.uk
EXDFK,https://EXDFK/e3world.co.uk
EPDCC,https://EPDCC/e3world.co.uk
EF6NA,https://EF6NA/e3world.co.uk
ELDN0,https://ELDN0/e3world.co.uk
EHJI,https://EHJI/e3world.co.uk
ELIIA,https://ELIIA/e3world.co.uk
EZGGL,https://EZGGL/e3world.co.uk
E44I1,https://E44I1/e3world.co.uk
